{"cameraMode":{"drawMode":0,"name":"Shaded","section":"Shading Mode"},"sceneLighting":true,"audioPlay":false,"sceneViewState":{"m_AlwaysRefresh":false,"showFog":true,"showSkybox":true,"showFlares":true,"showImageEffects":true,"showParticleSystems":true,"showVisualEffectGraphs":true,"m_FxEnabled":true},"in2DMode":false,"pivot":{"x":0.38864612579345705,"y":0.359000027179718,"z":0.2110000103712082},"rotation":{"x":-0.3110087811946869,"y":-0.20260770618915559,"z":0.06804702430963516,"w":-0.9260756373405457},"size":1.9096150398254395,"orthographic":false}