{"cameraMode":{"drawMode":0,"name":"Shaded","section":"Shading Mode"},"sceneLighting":true,"audioPlay":false,"sceneViewState":{"m_AlwaysRefresh":false,"showFog":true,"showSkybox":true,"showFlares":true,"showImageEffects":true,"showParticleSystems":true,"showVisualEffectGraphs":true,"m_FxEnabled":true},"in2DMode":false,"pivot":{"x":-0.42350101470947268,"y":0.3633132576942444,"z":1.3080852031707764},"rotation":{"x":-0.1460002362728119,"y":0.8465138673782349,"z":-0.29563409090042117,"w":-0.41801342368125918},"size":1.5755043029785157,"orthographic":false}