{"cameraMode":{"drawMode":0,"name":"Shaded","section":"Shading Mode"},"sceneLighting":true,"audioPlay":false,"sceneViewState":{"m_AlwaysRefresh":false,"showFog":true,"showSkybox":true,"showFlares":true,"showImageEffects":true,"showParticleSystems":true,"showVisualEffectGraphs":true,"m_FxEnabled":true},"in2DMode":false,"pivot":{"x":2.246615171432495,"y":1.1103990077972413,"z":0.08840811252593994},"rotation":{"x":-0.1431402713060379,"y":-0.28865665197372439,"z":0.043030381202697757,"w":-0.9458870887756348},"size":0.417316198348999,"orthographic":false}