{"cameraMode":{"drawMode":0,"name":"Shaded","section":"Shading Mode"},"sceneLighting":true,"audioPlay":false,"sceneViewState":{"m_AlwaysRefresh":false,"showFog":true,"showSkybox":true,"showFlares":true,"showImageEffects":true,"showParticleSystems":true,"showVisualEffectGraphs":true,"m_FxEnabled":true},"in2DMode":false,"pivot":{"x":0.6679999828338623,"y":0.359000027179718,"z":0.2110000103712082},"rotation":{"x":-0.06836527585983277,"y":-0.12921664118766786,"z":0.008942145854234696,"w":-0.989233672618866},"size":1.9100065231323243,"orthographic":false}