{"cameraMode":{"drawMode":0,"name":"Shaded","section":"Shading Mode"},"sceneLighting":true,"audioPlay":false,"sceneViewState":{"m_AlwaysRefresh":false,"showFog":true,"showSkybox":true,"showFlares":true,"showImageEffects":true,"showParticleSystems":true,"showVisualEffectGraphs":true,"m_FxEnabled":true},"in2DMode":false,"pivot":{"x":-0.04230164736509323,"y":1.1698896884918213,"z":0.9518626928329468},"rotation":{"x":0.313940167427063,"y":-0.1301925927400589,"z":0.04350583255290985,"w":0.9394723773002625},"size":2.6891398429870607,"orthographic":false}