{"cameraMode":{"drawMode":0,"name":"Shaded","section":"Shading Mode"},"sceneLighting":true,"audioPlay":false,"sceneViewState":{"m_AlwaysRefresh":false,"showFog":true,"showSkybox":true,"showFlares":true,"showImageEffects":true,"showParticleSystems":true,"showVisualEffectGraphs":true,"m_FxEnabled":true},"in2DMode":false,"pivot":{"x":-0.11799928545951843,"y":1.2968415021896363,"z":-0.6368547677993774},"rotation":{"x":-0.20479653775691987,"y":-0.5950719118118286,"z":0.15943802893161775,"w":-0.760834276676178},"size":1.3754661083221436,"orthographic":false}